Jul_20_2015,JUSTDIAL,false
Jul_17_2015,JUSTDIAL,false
Jul_16_2015,JUSTDIAL,true
Jul_15_2015,JUSTDIAL,false
Jul_14_2015,JUSTDIAL,false
Jul_13_2015,JUSTDIAL,true
Jul_10_2015,JUSTDIAL,false
Jul_9_2015,JUSTDIAL,false
Jul_8_2015,JUSTDIAL,true
Jul_7_2015,JUSTDIAL,false
Jul_6_2015,JUSTDIAL,false
Jul_3_2015,JUSTDIAL,true
Jul_2_2015,JUSTDIAL,true
Jul_1_2015,JUSTDIAL,true
Jun_30_2015,JUSTDIAL,false
Jun_29_2015,JUSTDIAL,false
Jun_26_2015,JUSTDIAL,true
Jun_25_2015,JUSTDIAL,true
Jun_24_2015,JUSTDIAL,false
Jun_23_2015,JUSTDIAL,true
Jun_22_2015,JUSTDIAL,false
Jun_19_2015,JUSTDIAL,false
Jun_18_2015,JUSTDIAL,false
Jun_17_2015,JUSTDIAL,false
Jun_16_2015,JUSTDIAL,true
Jun_15_2015,JUSTDIAL,true
Jun_12_2015,JUSTDIAL,true
Jun_11_2015,JUSTDIAL,true
Jun_10_2015,JUSTDIAL,false
Jun_9_2015,JUSTDIAL,false
Jun_8_2015,JUSTDIAL,false
Jun_5_2015,JUSTDIAL,false
Jun_4_2015,JUSTDIAL,false
Jun_3_2015,JUSTDIAL,false
Jun_2_2015,JUSTDIAL,false
Jun_1_2015,JUSTDIAL,false
May_29_2015,JUSTDIAL,false
May_28_2015,JUSTDIAL,true
May_27_2015,JUSTDIAL,true
May_26_2015,JUSTDIAL,true
May_25_2015,JUSTDIAL,false
May_22_2015,JUSTDIAL,false
May_21_2015,JUSTDIAL,true
May_20_2015,JUSTDIAL,false
May_19_2015,JUSTDIAL,false
May_18_2015,JUSTDIAL,false
May_15_2015,JUSTDIAL,true
May_14_2015,JUSTDIAL,false
May_13_2015,JUSTDIAL,false
May_12_2015,JUSTDIAL,false
May_11_2015,JUSTDIAL,true
May_8_2015,JUSTDIAL,false
May_7_2015,JUSTDIAL,true
May_6_2015,JUSTDIAL,true
May_5_2015,JUSTDIAL,false
May_4_2015,JUSTDIAL,false
Apr_30_2015,JUSTDIAL,false
Apr_29_2015,JUSTDIAL,false
Apr_28_2015,JUSTDIAL,false
Apr_27_2015,JUSTDIAL,true
Apr_24_2015,JUSTDIAL,false
Apr_23_2015,JUSTDIAL,false
Apr_22_2015,JUSTDIAL,false
Apr_21_2015,JUSTDIAL,false
Apr_20_2015,JUSTDIAL,false
Apr_17_2015,JUSTDIAL,true
Apr_16_2015,JUSTDIAL,false
Apr_15_2015,JUSTDIAL,false
Apr_13_2015,JUSTDIAL,true
Apr_10_2015,JUSTDIAL,false
Apr_9_2015,JUSTDIAL,false
Apr_8_2015,JUSTDIAL,false
Apr_7_2015,JUSTDIAL,true
Apr_6_2015,JUSTDIAL,true
Apr_1_2015,JUSTDIAL,true
Mar_31_2015,JUSTDIAL,false
Mar_30_2015,JUSTDIAL,true
Mar_27_2015,JUSTDIAL,true
